element_id,element_type,latitude,longitude,highway,crossing,traffic_signals
26334563,node,-27.4606467,153.0183377,crossing,uncontrolled,
26334568,node,-27.45942,153.0194992,traffic_signals,,pedestrian_crossing
59827275,node,-27.4587157,153.0143093,traffic_signals,,
60982410,node,-27.4565029,153.0128777,crossing,unmarked,
60982416,node,-27.456084,153.0126615,traffic_signals,,signal
61679351,node,-27.4671031,153.010094,crossing,unmarked,
75288230,node,-27.4645292,153.0192217,crossing,marked,
81456535,node,-27.4747022,153.0132757,crossing,unmarked,
82800386,node,-27.4556053,153.0132865,crossing,uncontrolled,
82800387,node,-27.4555174,153.0134876,crossing,uncontrolled,
124609089,node,-27.4666217,153.0011658,crossing,traffic_signals,
176406718,node,-27.4645277,153.0207458,crossing,unmarked,
176406719,node,-27.4643938,153.0207478,crossing,traffic_signals,
248392938,node,-27.4597078,153.0148845,traffic_signals,,
256002249,node,-27.4654242,153.0168489,traffic_signals,,signal
256004980,node,-27.4657242,153.0164619,traffic_signals,,signal
256010183,node,-27.4676612,153.0103017,crossing,unmarked,
256010668,node,-27.4677796,153.0103859,crossing,unmarked,
262473168,node,-27.4733486,153.0053524,crossing,uncontrolled,
266597529,node,-27.4656897,153.0162964,traffic_signals,,signal
266598068,node,-27.4645877,153.0192037,crossing,marked,
293657277,node,-27.4681131,152.999191,crossing,zebra,
293657310,node,-27.466663,152.9982707,crossing,uncontrolled,
293657311,node,-27.4661531,152.9980867,crossing,uncontrolled,
307579394,node,-27.4690134,153.0035372,traffic_signals,,
315268468,node,-27.4679016,153.0075192,traffic_signals,,
320411192,node,-27.4714085,153.0119392,crossing,unmarked,
370766173,node,-27.4669534,153.0209091,crossing,traffic_signals,
388112059,node,-27.4732353,153.0050395,crossing,traffic_signals,
444641566,node,-27.4712349,153.0137683,traffic_signals,,signal
444783783,node,-27.4687823,153.0112894,traffic_signals,,
558877642,node,-27.4628295,153.0156613,crossing,,
562871876,node,-27.4723576,153.0169684,traffic_signals,,
562871921,node,-27.4711739,153.0149253,crossing,uncontrolled,
563398096,node,-27.47425,153.0134189,crossing,,
563398105,node,-27.4745231,153.0134318,crossing,,
563398113,node,-27.4738804,153.0142141,traffic_signals,,
563398124,node,-27.4730171,153.0136269,crossing,unmarked,
563398128,node,-27.4724717,153.0132625,traffic_signals,,
563398130,node,-27.4724944,153.0130222,traffic_signals,,
563398131,node,-27.4722989,153.0133008,traffic_signals,,
563398168,node,-27.4715926,153.0136621,traffic_signals,,signal
563398181,node,-27.4714614,153.0138125,crossing,traffic_signals,
563398185,node,-27.4733678,153.015151,traffic_signals,,
563398188,node,-27.4732652,153.0154742,traffic_signals,,
563398189,node,-27.4732089,153.0152525,traffic_signals,,
612814325,node,-27.4691397,153.0033867,crossing,traffic_signals,
612814838,node,-27.4692375,153.0038746,traffic_signals,,
612880346,node,-27.4732126,153.0033215,crossing,uncontrolled,
612880446,node,-27.4730647,153.0036036,crossing,uncontrolled,
612882237,node,-27.4728467,153.0054383,crossing,traffic_signals,
673921549,node,-27.468399,153.0111268,traffic_signals,,
673921797,node,-27.4687446,153.0109241,traffic_signals,,
673922610,node,-27.4685824,153.0109965,traffic_signals,,
673928637,node,-27.4705249,153.0085686,traffic_signals,,signal
703705999,node,-27.4707701,152.9998534,traffic_signals,,
771647099,node,-27.4671543,153.0209435,traffic_signals,,signal
773533507,node,-27.4558334,153.0129903,traffic_signals,,signal
781168248,node,-27.4596139,153.018649,crossing,uncontrolled,
781168286,node,-27.4596397,153.0187302,crossing,uncontrolled,
788316030,node,-27.4643804,153.0205899,crossing,traffic_signals,
788327763,node,-27.4644266,153.0206763,crossing,traffic_signals,
788367402,node,-27.4607552,153.0184952,traffic_signals,,signal
788369016,node,-27.4600024,153.0187748,traffic_signals,,
788387691,node,-27.4600308,153.0190204,traffic_signals,,
788389934,node,-27.4598434,153.0190524,traffic_signals,,
792508400,node,-27.466132,153.0122107,crossing,unmarked,
792509441,node,-27.4660773,153.012489,traffic_signals,,
792513307,node,-27.4661654,153.0125959,crossing,traffic_signals,
793540996,node,-27.4684637,153.0109059,crossing,traffic_signals,
800195874,node,-27.4715371,153.0140698,crossing,traffic_signals,
801082253,node,-27.4712107,153.0138703,crossing,traffic_signals,
1097742318,node,-27.4545269,153.0067199,traffic_signals,,signal
1244190038,node,-27.4617192,153.0011596,crossing,unmarked,
1444422339,node,-27.4643107,153.0207572,crossing,traffic_signals,
1479878351,node,-27.4731958,153.0049245,crossing,unmarked,
1479932680,node,-27.4684248,153.0111437,crossing,traffic_signals,
1479932683,node,-27.4684733,153.0110343,crossing,traffic_signals,
1486653825,node,-27.4733119,153.0051144,crossing,traffic_signals,
1585308625,node,-27.4719508,153.0177221,crossing,unmarked,
1592147076,node,-27.4719045,153.017712,crossing,unmarked,
1606296234,node,-27.4720797,153.0171198,traffic_signals,,
1662181770,node,-27.4680079,153.0206466,crossing,traffic_signals,
1662186818,node,-27.4680042,153.0204973,traffic_signals,,
1662233543,node,-27.4670806,153.0198473,traffic_signals,,signal
1664155960,node,-27.4679805,153.0205269,crossing,traffic_signals,
1664163259,node,-27.4666977,153.0188057,traffic_signals,,signal
1999166795,node,-27.464231,153.0207031,traffic_signals,,
1999166802,node,-27.4644234,153.0205858,traffic_signals,,
1999166819,node,-27.4644199,153.020779,traffic_signals,,
2039648925,node,-27.4686742,153.0101584,,,
2171070803,node,-27.4688402,153.0112432,traffic_signals,,
2849795575,node,-27.4739574,153.0144316,traffic_signals,,
2849801278,node,-27.4724219,153.0172283,traffic_signals,,
2849801279,node,-27.4722276,153.0173643,traffic_signals,,
2902088262,node,-27.4715227,153.0136507,crossing,traffic_signals,
3180366995,node,-27.455694,153.013336,crossing,uncontrolled,
3315748465,node,-27.4685671,152.9995698,crossing,zebra,
3329399946,node,-27.4680129,153.0073678,crossing,traffic_signals,
3486425345,node,-27.4652005,153.0055298,crossing,unmarked,
3486437814,node,-27.4630409,153.0057888,crossing,unmarked,
3498124973,node,-27.4567436,153.0170594,crossing,unmarked,
3761185935,node,-27.4683042,153.0187457,,,
3761185936,node,-27.4684087,153.0188501,,,
3761185939,node,-27.4686776,153.0191125,,,
3884506546,node,-27.4692538,153.0079671,crossing,unmarked,
4213692125,node,-27.4675654,153.0175912,traffic_signals,,signal
4553213221,node,-27.4566664,153.0169691,crossing,unmarked,
4684477765,node,-27.4664842,153.0187195,traffic_signals,,signal
4730149099,node,-27.4599332,153.0146018,traffic_signals,,
4730149106,node,-27.4599254,153.0145182,traffic_signals,,
4750877477,node,-27.4648168,153.013593,crossing,unmarked,
4750877496,node,-27.4599859,153.0153347,crossing,unmarked,
4750906571,node,-27.4655249,153.0169625,traffic_signals,,signal
4830935121,node,-27.4671952,153.015134,crossing,traffic_signals,
4830935122,node,-27.4672882,153.0151724,crossing,traffic_signals,
4830935125,node,-27.4672661,153.0153899,crossing,traffic_signals,
4971819775,node,-27.459081,152.9989555,crossing,unmarked,
4971995648,node,-27.4724073,153.0170548,crossing,traffic_signals,
4971995649,node,-27.4723349,153.0169881,crossing,traffic_signals,
4971995650,node,-27.4721679,153.0172551,crossing,traffic_signals,
4971995651,node,-27.4722533,153.0173194,crossing,traffic_signals,
4971995652,node,-27.4723288,153.0173051,crossing,traffic_signals,
4972061276,node,-27.4636186,152.9994069,crossing,traffic_signals,
4974588062,node,-27.4683676,153.0112727,crossing,traffic_signals,
4974588372,node,-27.4585847,153.0128232,traffic_signals,,pedestrian_crossing
4974588421,node,-27.4584118,153.0122215,crossing,unmarked,
4974588446,node,-27.4585713,153.0127035,traffic_signals,,
4974588459,node,-27.457931,153.0119445,traffic_signals,,
4974588460,node,-27.4581717,153.0120553,traffic_signals,,
4974588462,node,-27.4587839,153.0128966,traffic_signals,,
5166969310,node,-27.466762,153.00119,crossing,traffic_signals,
5166969311,node,-27.46655,153.0012749,crossing,traffic_signals,
5166969312,node,-27.4667689,153.0009758,crossing,traffic_signals,
5166969313,node,-27.466665,153.0009837,crossing,traffic_signals,
5166969317,node,-27.4662536,152.9980009,crossing,unmarked,
5167009658,node,-27.4682454,152.9991544,crossing,unmarked,
5174894381,node,-27.4672301,153.0152256,crossing,traffic_signals,
5174894382,node,-27.4672276,153.0153046,crossing,traffic_signals,
5174894384,node,-27.4661184,153.0161402,crossing,unmarked,
5174894389,node,-27.4662193,153.0161349,crossing,unmarked,
5174894527,node,-27.4662599,153.0160787,crossing,unmarked,
5174894621,node,-27.4660378,153.0145372,traffic_signals,,signal
5174894665,node,-27.4663312,153.0145841,traffic_signals,,signal
5174894677,node,-27.466173,153.0143495,traffic_signals,,signal
5174894695,node,-27.4659525,153.0126745,traffic_signals,,
5174894822,node,-27.4667426,153.0107085,crossing,traffic_signals,
5174894824,node,-27.4673933,153.0091358,traffic_signals,,signal
5174894829,node,-27.4668099,153.0107337,crossing,traffic_signals,
5174894842,node,-27.4661789,153.0126588,traffic_signals,,pedestrian_crossing
5174894845,node,-27.4650897,153.0131166,traffic_signals,,
5174894856,node,-27.4661434,153.0127227,traffic_signals,,
5174894873,node,-27.4661711,153.0149398,traffic_signals,,
5174894900,node,-27.4663298,153.014723,traffic_signals,,signal
5174894901,node,-27.4658087,153.0159289,traffic_signals,,signal
5174894936,node,-27.4675279,153.0177051,traffic_signals,,signal
5174894937,node,-27.467427,153.01437,crossing,unmarked,
5174894943,node,-27.4674014,153.0144777,crossing,unmarked,
5174894952,node,-27.4672466,153.0150782,traffic_signals,,
5174894967,node,-27.4672953,153.0151434,traffic_signals,,
5174909350,node,-27.4666355,153.0106023,crossing,traffic_signals,
5174909358,node,-27.4665864,153.0106086,traffic_signals,,
5174918520,node,-27.4659518,153.0157606,traffic_signals,,signal
5175686243,node,-27.4662795,153.0147187,crossing,traffic_signals,
5175699409,node,-27.4665288,153.0146501,crossing,,
5175699410,node,-27.4664582,153.0145701,crossing,,
5211726288,node,-27.4731459,153.0050327,crossing,traffic_signals,
5211726289,node,-27.4704609,153.0083707,crossing,traffic_signals,
5211726291,node,-27.4703591,153.0084801,crossing,traffic_signals,
5231717311,node,-27.4635651,152.9995057,crossing,traffic_signals,
5268965253,node,-27.4695739,153.0051705,crossing,unmarked,
5326385814,node,-27.4625136,153.0089906,crossing,traffic_signals,
5898069395,node,-27.47162,153.0050397,crossing,unmarked,
6284124135,node,-27.4689103,153.0085696,crossing,unmarked,
6604746883,node,-27.4621004,153.0165141,crossing,,
6618171335,node,-27.473726,153.0146246,traffic_signals,,
6660342139,node,-27.4588468,153.0143245,crossing,,
6862307936,node,-27.4756197,153.0094969,crossing,traffic_signals,
6862307949,node,-27.4756498,153.0093402,crossing,traffic_signals,
6862307956,node,-27.4724509,153.0132391,crossing,traffic_signals,
6862307968,node,-27.4711404,153.0151498,crossing,,
6862307972,node,-27.4741519,153.011152,crossing,uncontrolled,
6862307979,node,-27.4706319,153.0163906,crossing,unmarked,
6862356897,node,-27.4724704,153.0130489,crossing,traffic_signals,
6862356921,node,-27.4716916,153.0141945,crossing,traffic_signals,
6862356922,node,-27.4706218,153.0164593,crossing,unmarked,
6947470061,node,-27.4715267,153.0142812,traffic_signals,,signal
6947470076,node,-27.4732351,153.0152709,crossing,traffic_signals,
6947473187,node,-27.4704218,153.0083541,traffic_signals,,signal
6947473193,node,-27.473405,153.0153863,crossing,traffic_signals,
6947473199,node,-27.4703083,153.0084085,traffic_signals,,
6947473210,node,-27.4715536,153.0142272,crossing,traffic_signals,
6947473219,node,-27.473287,153.0154341,crossing,traffic_signals,
6947473220,node,-27.4722586,153.0146827,crossing,unmarked,
6947473229,node,-27.4733874,153.0152466,crossing,traffic_signals,
6947473231,node,-27.4732335,153.0153969,crossing,traffic_signals,
6947473232,node,-27.4715141,153.0140495,traffic_signals,,signal
6947473234,node,-27.47063,153.0083027,traffic_signals,,signal
6947473237,node,-27.4718271,153.0049304,crossing,unmarked,
6947473240,node,-27.4733387,153.0152039,crossing,traffic_signals,
6947473241,node,-27.4716663,153.0139478,traffic_signals,,signal
6947473253,node,-27.4705469,153.0085467,crossing,traffic_signals,
6947473260,node,-27.4737653,153.0142934,crossing,traffic_signals,
6947473267,node,-27.4704693,153.008498,crossing,traffic_signals,
7108611076,node,-27.4680169,153.0205613,crossing,traffic_signals,
7121897945,node,-27.4610186,153.0041338,crossing,unmarked,
7389501889,node,-27.472977,153.0053888,traffic_signals,,
7447524106,node,-27.4672655,153.0163089,crossing,unmarked,
7759952663,node,-27.4669338,153.0209152,traffic_signals,,signal
7759952672,node,-27.4669926,153.0207481,crossing,traffic_signals,
7759952673,node,-27.4670871,153.0207182,crossing,traffic_signals,
7759952675,node,-27.4669833,153.0207138,traffic_signals,,signal
7771553727,node,-27.4746041,153.0085642,crossing,unmarked,
7771553730,node,-27.4749066,153.0088573,crossing,,
8005059203,node,-27.4710255,153.0139112,traffic_signals,,signal
8043199844,node,-27.4719884,153.013357,crossing,unmarked,
8043199858,node,-27.4723133,153.0130449,crossing,traffic_signals,
8065365227,node,-27.4620962,153.0070067,crossing,unmarked,
8065365269,node,-27.4609819,153.0038941,crossing,unmarked,
8065365270,node,-27.4614348,153.0049213,crossing,unmarked,
8171937388,node,-27.4669101,153.0200304,crossing,traffic_signals,
8171937391,node,-27.4668334,153.0201106,crossing,traffic_signals,
8244239937,node,-27.472437,153.0167291,crossing,unmarked,
8303063089,node,-27.4595785,153.0144924,traffic_signals,,
8303063090,node,-27.4607588,153.0182241,traffic_signals,,signal
8303063091,node,-27.4610218,153.0184461,traffic_signals,,signal
8382622752,node,-27.4716441,153.0184778,,,
8427283266,node,-27.4739161,153.0142747,crossing,traffic_signals,
8427283282,node,-27.4738679,153.0142371,crossing,traffic_signals,
8427283287,node,-27.4739236,153.0144084,crossing,traffic_signals,
8563580807,node,-27.4714933,153.0138112,traffic_signals,,signal
8563580810,node,-27.4711453,153.0139833,traffic_signals,,signal
8563589127,node,-27.4722928,153.0130151,traffic_signals,,signal
9050057045,node,-27.4672552,153.019912,crossing,traffic_signals,
9050057049,node,-27.4689077,153.0193102,crossing,unmarked,
9063858064,node,-27.4683082,153.0183894,crossing,traffic_signals,
9063858072,node,-27.4682102,153.0185535,crossing,traffic_signals,
9063858073,node,-27.4672329,153.0197986,crossing,traffic_signals,
9063858075,node,-27.4682006,153.0184358,crossing,traffic_signals,
9063858076,node,-27.4682517,153.0183718,crossing,traffic_signals,
9063858090,node,-27.4676297,153.0176899,crossing,traffic_signals,
9063858091,node,-27.4675694,153.0177583,crossing,traffic_signals,
9063858096,node,-27.4675454,153.0178448,traffic_signals,,signal
9063858097,node,-27.4675701,153.017838,crossing,traffic_signals,
9063858102,node,-27.4674567,153.0177382,crossing,unmarked,
9176665094,node,-27.465182,153.0135836,,,
9201722762,node,-27.4688013,153.0092426,crossing,marked,
9217769849,node,-27.4686387,153.0110901,crossing,traffic_signals,
9217769850,node,-27.468691,153.0111447,crossing,traffic_signals,
9217769859,node,-27.4684933,153.0108863,traffic_signals,,
9217769865,node,-27.4683495,153.0112377,traffic_signals,,
9217769892,node,-27.4687673,153.011277,crossing,traffic_signals,
9359670653,node,-27.4681835,153.0184154,traffic_signals,,
9359670654,node,-27.4681939,153.018574,traffic_signals,,
9359670658,node,-27.4682245,153.0183426,traffic_signals,,
9359670659,node,-27.4683195,153.0183774,traffic_signals,,
9459640406,node,-27.4719804,153.0123903,,,
9632284711,node,-27.4667815,153.0012155,traffic_signals,,
9632284712,node,-27.4667888,153.0009499,traffic_signals,,
9632284713,node,-27.4666491,153.0009476,traffic_signals,,
9632284714,node,-27.4664616,153.0011599,traffic_signals,,
9632284715,node,-27.4665411,153.001304,traffic_signals,,
9632287420,node,-27.470713,152.9997129,traffic_signals,,
9632287481,node,-27.465684,153.003487,crossing,unmarked,
9632287508,node,-27.4679761,153.0072044,traffic_signals,,
9632287511,node,-27.4681133,153.0074124,traffic_signals,,
9632287512,node,-27.4690626,153.003989,traffic_signals,,
9632287513,node,-27.4692215,153.0035293,traffic_signals,,
9632287526,node,-27.4691847,153.0039414,crossing,traffic_signals,
9632287532,node,-27.4691914,153.0036153,crossing,traffic_signals,
9632287533,node,-27.469216,153.0038507,crossing,traffic_signals,
9632287567,node,-27.4624412,153.0091427,traffic_signals,,
9632287617,node,-27.4567679,153.0103074,traffic_signals,,
9632287618,node,-27.4567245,153.0101509,traffic_signals,,
9632287684,node,-27.4548006,153.0067755,traffic_signals,,signal
9632287720,node,-27.4579436,153.0100067,crossing,unmarked,
9642100090,node,-27.4675065,153.0177943,traffic_signals,,signal
9642111423,node,-27.4675964,153.0177277,crossing,traffic_signals,
9642314777,node,-27.465072,153.0133089,traffic_signals,,
9642314805,node,-27.4661555,153.0121558,crossing,unmarked,
9642481966,node,-27.466027,153.016067,traffic_signals,,signal
9689226984,node,-27.4731564,153.0052504,traffic_signals,,
9689227023,node,-27.473267,153.0051749,traffic_signals,,pedestrian_crossing
9689227025,node,-27.473251,153.0050184,traffic_signals,,
9689227027,node,-27.4730784,153.005029,traffic_signals,,
9689227028,node,-27.4730953,153.0051161,crossing,traffic_signals,
9689227032,node,-27.4727444,153.0054591,traffic_signals,,
9689227033,node,-27.4727769,153.0055135,crossing,traffic_signals,
9689227036,node,-27.4728695,153.0056343,traffic_signals,,
9787457687,node,-27.4545677,153.0068679,traffic_signals,,signal
9809916275,node,-27.4727249,153.0162221,crossing,unmarked,
9892967827,node,-27.4639941,153.0120853,crossing,unmarked,
9892967839,node,-27.4652119,153.0135087,crossing,uncontrolled,
9892967875,node,-27.4629252,153.0091324,crossing,uncontrolled,
9892967879,node,-27.4629623,153.0089914,crossing,unmarked,
9892967904,node,-27.4663615,153.0175324,crossing,unmarked,
9892967910,node,-27.466687,153.0188125,crossing,traffic_signals,
10001812938,node,-27.4728674,153.0163131,crossing,unmarked,
10001812955,node,-27.4723109,153.0173891,crossing,traffic_signals,
10001812958,node,-27.4723953,153.0172096,crossing,traffic_signals,
10001812963,node,-27.4720617,153.0172337,crossing,traffic_signals,
10001812967,node,-27.4722696,153.0174132,traffic_signals,,signal
10001812968,node,-27.4720328,153.0171896,traffic_signals,,signal
10001812988,node,-27.468472,153.0200412,crossing,unmarked,
10001812989,node,-27.4684522,153.0200202,crossing,unmarked,
10001812997,node,-27.4732484,153.0166761,crossing,unmarked,
10036211389,node,-27.4681383,153.0202184,crossing,unmarked,
10089579043,node,-27.4666501,153.0189653,crossing,traffic_signals,
10089579044,node,-27.466558,153.019001,crossing,traffic_signals,
10089579047,node,-27.4665939,153.018742,crossing,traffic_signals,
10089579048,node,-27.4664993,153.0187775,crossing,traffic_signals,
10089579087,node,-27.4669529,153.0172903,crossing,unmarked,
10089580225,node,-27.4675167,153.0177787,crossing,traffic_signals,
10131724549,node,-27.4556046,153.0135357,crossing,uncontrolled,
10132350959,node,-27.4557394,153.0134114,crossing,uncontrolled,
10132350960,node,-27.4556813,153.0135296,crossing,uncontrolled,
10134796921,node,-27.4555369,153.0133025,crossing,uncontrolled,
10134796922,node,-27.4554909,153.0134118,crossing,uncontrolled,
10134803150,node,-27.4561043,153.0128038,traffic_signals,,signal
10134803151,node,-27.4557064,153.0127766,traffic_signals,,signal
10163962296,node,-27.4685715,153.0110201,crossing,traffic_signals,
10290526870,node,-27.4631389,153.0107618,traffic_signals,,
10290526871,node,-27.4635135,153.0113002,traffic_signals,,
10290526872,node,-27.4633025,153.0112871,traffic_signals,,
10290526873,node,-27.463318,153.0110158,traffic_signals,,signal
10290526874,node,-27.4632818,153.0108494,traffic_signals,,pedestrian_crossing
10290537945,node,-27.4623546,153.0086772,traffic_signals,,signal
10290537946,node,-27.4625103,153.0087732,traffic_signals,,signal
10290537947,node,-27.462291,153.0090193,traffic_signals,,signal
10290546884,node,-27.467196,153.015297,traffic_signals,,signal
10290546885,node,-27.4674006,153.0152737,traffic_signals,,signal
10308053645,node,-27.4691752,153.0033626,traffic_signals,,on_demand
10308078312,node,-27.470576,152.9998869,crossing,traffic_signals,
10308078322,node,-27.4705747,152.9997368,crossing,traffic_signals,
10308078339,node,-27.4707413,152.9998425,crossing,traffic_signals,
10308078449,node,-27.4727316,153.0013758,crossing,unmarked,
10308078464,node,-27.4716817,152.9999852,crossing,unmarked,
10308078613,node,-27.4693245,153.0029485,crossing,,
10310210552,node,-27.4675418,153.0176518,traffic_signals,,signal
10572264077,node,-27.4707151,153.0034792,crossing,unmarked,
10572264086,node,-27.4698397,153.0042821,crossing,unmarked,
10740205388,node,-27.4679668,153.0072321,crossing,traffic_signals,
10740205400,node,-27.4679837,153.0068722,crossing,unmarked,
10740255607,node,-27.4675122,153.0082935,crossing,unmarked,
10740255613,node,-27.4672733,153.0088888,crossing,traffic_signals,
10740255635,node,-27.4665526,153.0127741,crossing,unmarked,
10740255638,node,-27.4664896,153.0133081,crossing,unmarked,
10817737185,node,-27.4585894,153.0146136,traffic_signals,,
10817737187,node,-27.4585062,153.0145703,traffic_signals,,
10817737192,node,-27.4584968,153.014431,traffic_signals,,
10817737204,node,-27.4585223,153.0145231,crossing,traffic_signals,
10817746605,node,-27.4586276,153.0145841,crossing,traffic_signals,
10817746609,node,-27.4586849,153.0142917,crossing,traffic_signals,
10817746610,node,-27.4586403,153.0143617,crossing,traffic_signals,
10817746611,node,-27.4585813,153.0144838,crossing,traffic_signals,
10817746612,node,-27.4584376,153.0144974,crossing,unmarked,
10823625009,node,-27.4666582,153.018996,traffic_signals,,signal
10823625010,node,-27.4668246,153.0200768,traffic_signals,,signal
10823625012,node,-27.4669646,153.0202437,traffic_signals,,signal
11013395758,node,-27.4561271,153.0074779,crossing,unmarked,
11013395774,node,-27.4569466,153.0104874,crossing,unmarked,
11076180213,node,-27.4641108,153.008438,crossing,unmarked,
11076180238,node,-27.4658372,153.008309,crossing,unmarked,
11076180244,node,-27.4665475,153.0084804,crossing,unmarked,
11076180255,node,-27.4661879,153.0085889,crossing,unmarked,
11076180281,node,-27.4663551,153.0102456,crossing,unmarked,
11085423182,node,-27.4619791,153.0095438,crossing,,
11085432400,node,-27.4621973,153.0080362,crossing,unmarked,
11085439108,node,-27.4604664,153.0077517,crossing,unmarked,
11085439115,node,-27.4599134,153.0063887,crossing,unmarked,
11085487311,node,-27.4580882,153.010816,crossing,unmarked,
11092705453,node,-27.4568823,153.0013203,crossing,unmarked,
11092714315,node,-27.4567124,153.00152,crossing,,
11092714316,node,-27.4568805,153.0014807,crossing,,
11092714326,node,-27.4604949,153.0034073,crossing,unmarked,
11092714332,node,-27.4611667,153.0046411,crossing,unmarked,
11092714338,node,-27.4610683,153.0017604,crossing,unmarked,
11092714359,node,-27.4627921,152.999922,crossing,unmarked,
11092714367,node,-27.461031,153.0015018,crossing,unmarked,
11092714370,node,-27.4609436,153.0016391,crossing,unmarked,
11092714387,node,-27.4633508,152.9982601,crossing,unmarked,
11092714395,node,-27.463803,152.9995474,crossing,,
11092714405,node,-27.4646868,153.0004619,crossing,unmarked,
11092714410,node,-27.4640208,153.0002026,crossing,unmarked,
11092714412,node,-27.4636798,153.0013982,crossing,,
11092714414,node,-27.4634907,153.0019632,crossing,unmarked,
11092714417,node,-27.4633064,153.0024743,crossing,unmarked,
11092714420,node,-27.4630227,153.0033286,crossing,unmarked,
11092714421,node,-27.4627449,153.0041461,crossing,,
11092714422,node,-27.4625243,153.0047925,crossing,,
11092714424,node,-27.4622722,153.0055286,crossing,unmarked,
11092714425,node,-27.4620307,153.0062422,crossing,unmarked,
11092714432,node,-27.4626996,153.0037948,crossing,unmarked,
11092714438,node,-27.4631038,153.0026125,crossing,unmarked,
11092714441,node,-27.4633642,153.0018564,crossing,unmarked,
11092714444,node,-27.4638877,153.000313,crossing,unmarked,
11092714445,node,-27.4629992,152.9997177,crossing,,
11092714446,node,-27.4652479,153.0007152,crossing,,
11100297115,node,-27.4628376,153.0058329,crossing,unmarked,
11100297164,node,-27.4623439,153.0070928,crossing,unmarked,
11123048177,node,-27.4689661,152.9982104,crossing,unmarked,
11123048188,node,-27.4683389,153.002853,crossing,,
11123048211,node,-27.4673936,153.001722,crossing,unmarked,
11123048214,node,-27.4681887,153.0024857,crossing,,
11123048215,node,-27.4685867,153.0028644,crossing,,
11141569469,node,-27.4635404,153.0208731,crossing,,
11141569470,node,-27.4630256,153.0210771,crossing,,
11141569471,node,-27.4645442,153.0211522,crossing,,
11141662580,node,-27.4641067,153.0190219,crossing,uncontrolled,
11141665008,node,-27.463896,153.0179434,crossing,,
11141665050,node,-27.4626638,153.0166626,crossing,uncontrolled,
11141665055,node,-27.46358,153.0174452,crossing,uncontrolled,
11145311529,node,-27.4670935,153.0207438,crossing,traffic_signals,
11145311530,node,-27.4669989,153.0207735,crossing,traffic_signals,
11145311532,node,-27.4668456,153.0201621,crossing,traffic_signals,
11145311533,node,-27.4669265,153.0201761,crossing,traffic_signals,
11145311534,node,-27.4669492,153.0201801,crossing,traffic_signals,
11164329123,node,-27.4578197,153.0137632,crossing,,
11164329124,node,-27.45854,153.014154,crossing,,
11197739870,node,-27.4590578,153.0068173,crossing,unmarked,
11197739935,node,-27.4608251,153.0086797,crossing,unmarked,
11197756512,node,-27.4613153,153.0127302,crossing,unmarked,
11235070450,node,-27.4657017,153.0108446,crossing,unmarked,
11278747567,node,-27.4681845,152.9986239,crossing,unmarked,
11278765692,node,-27.4699958,152.9990767,crossing,unmarked,
11278765693,node,-27.4693598,152.9984751,crossing,unmarked,
11278776937,node,-27.472245,153.0018891,crossing,unmarked,
11278776943,node,-27.4725317,153.0021388,,,
11278776949,node,-27.4713389,153.0047262,crossing,traffic_signals,
11278776954,node,-27.4712079,153.0047647,crossing,traffic_signals,
11278776955,node,-27.4713954,153.0048445,crossing,traffic_signals,
11281017249,node,-27.4634641,153.0060922,crossing,unmarked,
11281017253,node,-27.4634088,153.0059406,crossing,unmarked,
11281017259,node,-27.4640792,153.0063579,crossing,unmarked,
11281017262,node,-27.4646928,153.0065538,crossing,unmarked,
11292674364,node,-27.4672473,153.008878,traffic_signals,,signal
11292674365,node,-27.467401,153.0087771,traffic_signals,,signal
11301375496,node,-27.4728773,153.0043188,crossing,unmarked,
11301375542,node,-27.4733711,153.0032837,crossing,uncontrolled,
11314851859,node,-27.4704884,153.004367,crossing,unmarked,
11314853494,node,-27.4687349,153.0075217,crossing,unmarked,
11314853495,node,-27.4697473,153.0079825,crossing,unmarked,
11314853499,node,-27.4687814,153.0076619,crossing,unmarked,
11387065970,node,-27.4677676,153.0020828,crossing,unmarked,
11387069333,node,-27.4689659,153.0070911,crossing,unmarked,
11387069337,node,-27.4692892,153.0061469,crossing,unmarked,
11387069341,node,-27.4696131,153.005187,crossing,unmarked,
11387069353,node,-27.4712494,153.0058953,crossing,unmarked,
11387069361,node,-27.4706469,153.006707,crossing,unmarked,
11387069362,node,-27.4699882,153.0075315,crossing,unmarked,
11393292298,node,-27.4648987,153.0064386,crossing,unmarked,
11393292304,node,-27.4645922,153.0073367,crossing,unmarked,
11393292319,node,-27.4661739,153.0021643,crossing,unmarked,
11393292322,node,-27.4660165,153.0026324,crossing,unmarked,
11393292323,node,-27.4651394,153.0042097,crossing,unmarked,
11393292324,node,-27.4651808,153.0050484,crossing,unmarked,
11393292325,node,-27.4650141,153.0056278,crossing,unmarked,
11393292326,node,-27.4648159,153.0061951,crossing,unmarked,
11393292355,node,-27.4659288,153.0079259,crossing,unmarked,
11508195247,node,-27.4668328,153.0104369,traffic_signals,,
11508195248,node,-27.4667969,153.0107745,traffic_signals,,
11508195258,node,-27.4687246,153.0113466,crossing,traffic_signals,
11508220759,node,-27.4661083,153.0160147,crossing,traffic_signals,
11508220760,node,-27.4661129,153.0159588,crossing,traffic_signals,
11508220762,node,-27.4658682,153.0159371,crossing,traffic_signals,
11508220763,node,-27.4659421,153.0158217,crossing,traffic_signals,
11508220764,node,-27.4660556,153.0158442,crossing,traffic_signals,
11508220770,node,-27.4663109,153.0145565,crossing,traffic_signals,
11508220771,node,-27.4660619,153.0145417,crossing,traffic_signals,
11508220772,node,-27.4661224,153.014636,crossing,traffic_signals,
11508220773,node,-27.4661959,153.0146368,crossing,traffic_signals,
11508220775,node,-27.4660766,153.0144684,crossing,traffic_signals,
11508220777,node,-27.4660372,153.0127077,crossing,traffic_signals,
11508220778,node,-27.4660634,153.0126564,crossing,traffic_signals,
11508220779,node,-27.466063,153.0125221,crossing,traffic_signals,
11513521359,node,-27.4589734,152.9990603,crossing,unmarked,
11513535077,node,-27.4609134,152.9986504,crossing,unmarked,
11513535087,node,-27.4617394,152.9984923,crossing,unmarked,
11513588116,node,-27.4625625,152.9983309,crossing,unmarked,
11513588140,node,-27.460627,152.9988461,crossing,unmarked,
11513588155,node,-27.4624635,152.9984759,crossing,unmarked,
11513588156,node,-27.4624514,152.9983905,crossing,unmarked,
11513588159,node,-27.4625773,152.9984956,crossing,unmarked,
11513589747,node,-27.4672512,152.9985745,crossing,unmarked,
11513589753,node,-27.4650731,152.9993761,crossing,unmarked,
11515861106,node,-27.4705573,152.9999151,traffic_signals,,
11515861107,node,-27.4705533,152.9997165,traffic_signals,,
11515861118,node,-27.469099,153.0035172,crossing,traffic_signals,
11515861119,node,-27.4690234,153.0035682,crossing,traffic_signals,
11521060735,node,-27.4603432,153.0049397,crossing,unmarked,
11521060751,node,-27.4581346,153.0046939,crossing,unmarked,
11521060755,node,-27.4576563,153.0049288,crossing,unmarked,
11521060759,node,-27.4572577,153.0050517,crossing,unmarked,
11521060763,node,-27.4575973,153.0047811,crossing,unmarked,
11521060767,node,-27.4580722,153.004536,crossing,unmarked,
11521060792,node,-27.4598331,153.0036563,crossing,unmarked,
11562652749,node,-27.4609044,153.0004886,crossing,unmarked,
11562652750,node,-27.4609143,153.0005505,crossing,unmarked,
11780138816,node,-27.4585616,152.999783,crossing,unmarked,
11780138819,node,-27.4585206,152.9997321,crossing,unmarked,
11919612116,node,-27.466103,152.9999485,crossing,unmarked,
12034989135,node,-27.4710488,153.0025147,crossing,unmarked,
12035001425,node,-27.4683571,153.0099065,crossing,unmarked,
12035037711,node,-27.469162,153.0086601,crossing,unmarked,
12035037728,node,-27.4684002,153.0098513,crossing,unmarked,
12035044273,node,-27.4682675,153.0100328,crossing,,
12035044274,node,-27.4685235,153.0099683,crossing,,
12035044275,node,-27.4684982,153.0099919,crossing,,
12035217393,node,-27.4619971,153.0034859,crossing,unmarked,
12035217408,node,-27.4637432,153.0036862,crossing,unmarked,
12035217433,node,-27.4633735,153.0050553,crossing,unmarked,
12035293288,node,-27.4671281,153.0065036,crossing,unmarked,
12035293291,node,-27.4667956,153.0080008,crossing,unmarked,
12035293302,node,-27.4670281,153.0063059,crossing,unmarked,
12064044527,node,-27.4633181,153.0110155,traffic_signals,,
12064044539,node,-27.4633229,153.0111548,traffic_signals,,
12064044544,node,-27.4631438,153.0109384,crossing,traffic_signals,
12064044563,node,-27.4648986,153.0131774,traffic_signals,,
12064056767,node,-27.4581685,153.0118922,traffic_signals,,
12064063679,node,-27.4655834,153.0125378,crossing,unmarked,
12064063680,node,-27.4653359,153.0109157,crossing,unmarked,
12064063681,node,-27.4649119,153.0109993,crossing,unmarked,
12064063682,node,-27.4646362,153.0127897,crossing,unmarked,
12064063683,node,-27.4644218,153.0110987,crossing,unmarked,
12064063684,node,-27.4636009,153.0112452,crossing,unmarked,
12064063685,node,-27.4635832,153.0112683,crossing,unmarked,
12064063686,node,-27.4634157,153.0113325,crossing,traffic_signals,
12064063687,node,-27.4634922,153.0112568,crossing,traffic_signals,
12064063688,node,-27.4637791,153.0117606,crossing,unmarked,
12064063689,node,-27.4647699,153.0129341,crossing,unmarked,
12064063701,node,-27.4650558,153.0132911,crossing,traffic_signals,
12064063702,node,-27.4650683,153.0131444,crossing,traffic_signals,
12064063703,node,-27.465096,153.0131703,crossing,traffic_signals,
12064063704,node,-27.4649165,153.0131989,crossing,traffic_signals,
12064063705,node,-27.463227,153.0107502,crossing,traffic_signals,
12064063706,node,-27.4631561,153.0107986,crossing,traffic_signals,
12064063739,node,-27.4644727,153.013756,crossing,unmarked,
12064063759,node,-27.4629932,153.0123742,crossing,unmarked,
12064063775,node,-27.4635362,153.0153407,traffic_signals,,
12064063782,node,-27.4627979,153.0114313,crossing,unmarked,
12064063783,node,-27.4633268,153.0112789,crossing,traffic_signals,
12064063796,node,-27.4624782,153.0087807,crossing,traffic_signals,
12064063797,node,-27.4623625,153.0087437,crossing,traffic_signals,
12064063798,node,-27.4623176,153.0090159,crossing,traffic_signals,
12064063799,node,-27.4624287,153.0091031,crossing,traffic_signals,
12064063800,node,-27.4633284,153.0088238,crossing,unmarked,
12064063801,node,-27.4632923,153.0086215,crossing,unmarked,
12064063802,node,-27.4633547,153.008555,crossing,unmarked,
12064063803,node,-27.4625744,153.0087068,crossing,unmarked,
12064063809,node,-27.4620531,153.0115637,crossing,unmarked,
12064063828,node,-27.4626607,153.0143791,crossing,unmarked,
12064063831,node,-27.4632545,153.0143866,crossing,unmarked,
12064063832,node,-27.4639305,153.0143629,crossing,unmarked,
12064063833,node,-27.4635049,153.0145504,crossing,unmarked,
12064063834,node,-27.4635668,153.0153736,crossing,traffic_signals,
12064063835,node,-27.4635178,153.015481,traffic_signals,,
12064063836,node,-27.463548,153.0154867,crossing,traffic_signals,
12064063845,node,-27.4610088,153.012811,crossing,unmarked,
12064063886,node,-27.4598877,153.0119438,crossing,unmarked,
12064063887,node,-27.4599918,153.0119651,crossing,unmarked,
12064063889,node,-27.4606716,153.0128735,crossing,unmarked,
12064063890,node,-27.4603281,153.0129161,crossing,unmarked,
12064063893,node,-27.4604743,153.0141098,crossing,unmarked,
12064063896,node,-27.4605961,153.0142166,crossing,unmarked,
12064063897,node,-27.4605805,153.0144843,crossing,unmarked,
12064063898,node,-27.4612594,153.0144493,crossing,unmarked,
12064063899,node,-27.4620757,153.0143992,crossing,unmarked,
12064063901,node,-27.4616402,153.0116457,crossing,unmarked,
12064063903,node,-27.461077,153.0117569,crossing,unmarked,
12064063904,node,-27.4590925,153.0132617,crossing,unmarked,
12064154879,node,-27.4582073,153.0124164,crossing,unmarked,
12064154880,node,-27.4581463,153.0119153,crossing,traffic_signals,
12064154881,node,-27.4580374,153.0118972,crossing,traffic_signals,
12064154882,node,-27.4579471,153.0119665,crossing,traffic_signals,
12064154883,node,-27.4588329,153.012783,crossing,unmarked,
12064154884,node,-27.4587658,153.0127337,crossing,traffic_signals,
12064154885,node,-27.4587417,153.0128312,crossing,traffic_signals,
12064154886,node,-27.458627,153.0128803,crossing,traffic_signals,
12064154899,node,-27.4582758,153.0144131,crossing,unmarked,
12064154909,node,-27.4560463,153.0126769,crossing,traffic_signals,
12064154916,node,-27.4559149,153.013008,crossing,unmarked,
12064154917,node,-27.4557649,153.0129252,crossing,traffic_signals,
12064154918,node,-27.4558424,153.0129674,crossing,traffic_signals,
12064154919,node,-27.4558552,153.0126984,crossing,traffic_signals,
12064154920,node,-27.4557576,153.0128027,crossing,traffic_signals,
12124100953,node,-27.4545475,153.0067352,crossing,traffic_signals,
12124100954,node,-27.454604,153.0066724,crossing,traffic_signals,
12124100955,node,-27.4545955,153.0068593,crossing,traffic_signals,
12124100956,node,-27.4547251,153.0069739,crossing,unmarked,
12124100967,node,-27.4556242,153.0070261,crossing,unmarked,
12124100972,node,-27.455244,153.0068423,crossing,unmarked,
12124100985,node,-27.4565443,153.0089891,crossing,unmarked,
12124100994,node,-27.4563017,153.0084073,crossing,unmarked,
12124100995,node,-27.4561509,153.0080362,crossing,unmarked,
12124109908,node,-27.4567441,153.0102257,crossing,traffic_signals,
12124109911,node,-27.456812,153.0106737,crossing,unmarked,
12124109914,node,-27.457016,153.0110414,crossing,unmarked,
12124109929,node,-27.4551786,153.0083895,crossing,unmarked,
12124109930,node,-27.4565694,153.0096538,crossing,unmarked,
12124109931,node,-27.4565997,153.01003,crossing,unmarked,
12124109936,node,-27.4578519,153.0115444,crossing,unmarked,
12124192575,node,-27.4545184,153.0117067,crossing,unmarked,
12124197103,node,-27.454424,153.0117417,crossing,unmarked,
12124197104,node,-27.4545881,153.0118634,crossing,unmarked,
12124197105,node,-27.4545187,153.011088,crossing,unmarked,
12124197106,node,-27.4544237,153.0104205,crossing,unmarked,
12124197107,node,-27.4543708,153.0100305,crossing,unmarked,
12124197108,node,-27.4542789,153.0093953,crossing,unmarked,
12124197110,node,-27.4541355,153.0094267,crossing,unmarked,
12124197111,node,-27.4542259,153.009025,crossing,unmarked,
12124197116,node,-27.4551703,153.0122303,crossing,unmarked,
12126279075,node,-27.4585538,152.9994684,crossing,unmarked,
12126279097,node,-27.4591821,152.9991012,crossing,unmarked,
12133730775,node,-27.4557297,153.0042121,crossing,unmarked,
12133730777,node,-27.4555106,153.0044813,crossing,unmarked,
12133730779,node,-27.4550706,153.0045441,crossing,unmarked,
12133730798,node,-27.4557868,153.0068685,crossing,unmarked,
12133739204,node,-27.4572552,153.0054468,crossing,unmarked,
12133739205,node,-27.4572926,153.0055389,crossing,unmarked,
12133739230,node,-27.4604966,153.002613,traffic_signals,,
12133739231,node,-27.4604094,153.0024262,traffic_signals,,
12133739232,node,-27.4605548,153.0024194,traffic_signals,,
12133739256,node,-27.4599896,153.0093768,crossing,unmarked,
12133739263,node,-27.4617351,153.0092215,crossing,unmarked,
12133739281,node,-27.4610154,153.0107793,crossing,unmarked,
12133739282,node,-27.4611625,153.0107515,crossing,unmarked,
12133739283,node,-27.4609978,153.0101871,crossing,unmarked,
12133739284,node,-27.4609113,153.0101225,crossing,unmarked,
12133739285,node,-27.4609652,153.0099809,crossing,uncontrolled,
12133739286,node,-27.4610576,153.0100949,crossing,unmarked,
12133739287,node,-27.4608718,153.0093945,crossing,unmarked,
12133739288,node,-27.4609281,153.0091929,crossing,unmarked,
12133739289,node,-27.4603146,153.0094066,crossing,unmarked,
12133739290,node,-27.4603731,153.0103181,crossing,unmarked,
12133739291,node,-27.4594542,153.0100428,crossing,unmarked,
12133739292,node,-27.4592013,153.0096542,crossing,unmarked,
12133739294,node,-27.4581394,153.0111327,crossing,unmarked,
12133739295,node,-27.458193,153.0114608,crossing,unmarked,
12133739302,node,-27.4568472,153.0073895,crossing,unmarked,
12133739312,node,-27.4581734,153.0062335,crossing,unmarked,
12133739313,node,-27.4586536,153.0059934,crossing,unmarked,
12133739314,node,-27.4585906,153.0058353,crossing,unmarked,
12133739320,node,-27.4597558,153.0085633,crossing,unmarked,
12133739321,node,-27.460472,153.008219,crossing,unmarked,
12133739322,node,-27.45977,153.0064605,crossing,unmarked,
12133739323,node,-27.4594968,153.0055706,crossing,unmarked,
12133739324,node,-27.4594337,153.0054123,crossing,unmarked,
12133739325,node,-27.4590154,153.0041595,crossing,unmarked,
12133739326,node,-27.4589113,153.0041065,crossing,unmarked,
12133739327,node,-27.4589811,153.0042807,crossing,unmarked,
12133739328,node,-27.4598986,153.0038115,crossing,unmarked,
12133739333,node,-27.4604108,153.0051097,crossing,unmarked,
12133739334,node,-27.4607329,153.0059161,crossing,unmarked,
12133739335,node,-27.461511,153.0055964,crossing,unmarked,
12133739336,node,-27.457632,153.0034204,crossing,unmarked,
12133739337,node,-27.4571523,153.003661,crossing,unmarked,
12133739338,node,-27.4566951,153.0038913,crossing,unmarked,
12133739339,node,-27.4562363,153.0041178,crossing,unmarked,
12133739340,node,-27.4560864,153.0040214,crossing,unmarked,
12133739341,node,-27.4579478,153.0071423,crossing,unmarked,
12133739342,node,-27.4604464,153.0024707,crossing,traffic_signals,
12133739343,node,-27.4605369,153.0024426,crossing,traffic_signals,
12133739344,node,-27.4600092,153.0021414,crossing,unmarked,
12133739345,node,-27.4593853,153.002542,crossing,unmarked,
12133739347,node,-27.4576758,153.0013201,crossing,unmarked,
12133739348,node,-27.4584958,153.002805,crossing,unmarked,
12133739349,node,-27.4584756,153.0030191,crossing,unmarked,
12133739350,node,-27.4588397,153.0001366,crossing,unmarked,
12133739353,node,-27.4619164,153.0062567,traffic_signals,,
12133739356,node,-27.4618829,153.0064875,traffic_signals,,
12133739357,node,-27.4617558,153.006116,traffic_signals,,
12133739358,node,-27.4618947,153.0062706,crossing,traffic_signals,
12133739359,node,-27.4618705,153.0064483,crossing,traffic_signals,
12133739360,node,-27.4617658,153.0061436,crossing,traffic_signals,
12133739364,node,-27.462205,153.0074239,crossing,unmarked,
12133739365,node,-27.4619467,153.0070451,crossing,unmarked,
12208510803,node,-27.4599818,153.0149058,traffic_signals,,
12208510835,node,-27.4595974,153.0145202,crossing,traffic_signals,
12208510836,node,-27.4597728,153.0145307,crossing,traffic_signals,
12208510837,node,-27.4595579,153.0145833,crossing,traffic_signals,
12208510838,node,-27.4597606,153.0148822,crossing,traffic_signals,
12208510839,node,-27.4598091,153.0148303,crossing,traffic_signals,
12208510840,node,-27.4599581,153.0148544,crossing,traffic_signals,
12208510841,node,-27.4600052,153.0147959,crossing,traffic_signals,
12208510842,node,-27.4599048,153.0146018,crossing,traffic_signals,
12208510843,node,-27.4598695,153.0144918,crossing,traffic_signals,
12208510844,node,-27.4601023,153.0149173,crossing,unmarked,
12208510868,node,-27.4609254,153.0181251,crossing,uncontrolled,
12208510869,node,-27.4610204,153.018305,crossing,traffic_signals,
12208510870,node,-27.4609955,153.0184018,crossing,traffic_signals,
12208510871,node,-27.4608945,153.0184741,crossing,traffic_signals,
12208510890,node,-27.4598052,153.0188085,traffic_signals,,
12208510891,node,-27.459828,153.0188295,crossing,traffic_signals,
12208510894,node,-27.4600101,153.0189879,crossing,traffic_signals,
12208510897,node,-27.4598815,153.0187817,crossing,traffic_signals,
12208510903,node,-27.4593334,153.019617,traffic_signals,,pedestrian_crossing
12208510908,node,-27.4593772,153.0195573,crossing,traffic_signals,
12208510916,node,-27.4601627,153.019349,crossing,unmarked,
12208510921,node,-27.4612272,153.0193452,crossing,unmarked,
12208510922,node,-27.4609375,153.0187136,crossing,unmarked,
12208510923,node,-27.4607185,153.0186562,crossing,unmarked,
12208510924,node,-27.4607614,153.0183982,crossing,traffic_signals,
12208510925,node,-27.4607994,153.0184631,crossing,traffic_signals,
12208931286,node,-27.4616747,153.0205788,crossing,unmarked,
12208931287,node,-27.4615431,153.0201907,crossing,unmarked,
12208931288,node,-27.4602603,153.0200185,crossing,unmarked,
12247374279,node,-27.4724495,153.0137638,,,
12247374283,node,-27.4724485,153.0137492,crossing,,
12308820399,node,-27.4687389,153.0113235,crossing,traffic_signals,
12308852319,node,-27.4684334,153.0111243,crossing,traffic_signals,
12482401632,node,-27.4644617,153.0116204,crossing,unmarked,
12548021426,node,-27.4607769,153.0060252,crossing,unmarked,
12624448758,node,-27.4563575,153.0126203,crossing,unmarked,
12624448789,node,-27.4621216,153.0162162,crossing,uncontrolled,
12830255469,node,-27.4544354,153.0119078,crossing,unmarked,
12843436276,node,-27.469371,152.9984603,crossing,,
12911440336,node,-27.4679846,153.0123409,crossing,unmarked,
12911440368,node,-27.4669714,153.0143996,crossing,unmarked,
12963991087,node,-27.4660527,153.0126796,crossing,traffic_signals,
12993502975,node,-27.468061,153.0206987,traffic_signals,,signal
12993502977,node,-27.4680365,153.0205369,traffic_signals,,signal
13014867329,node,-27.4585315,152.9995207,crossing,unmarked,
13040918293,node,-27.4716173,153.0062056,,,
13040918294,node,-27.4709846,153.0071227,,,
13078941786,node,-27.4742961,153.0133182,crossing,unmarked,
13078975737,node,-27.4744555,153.0134953,crossing,unmarked,
13078975766,node,-27.4729792,153.0135546,crossing,unmarked,
13078975814,node,-27.4746942,153.013212,crossing,unmarked,
13081366005,node,-27.4703685,153.0163835,crossing,,
13088770032,node,-27.4672823,153.0197363,traffic_signals,,
13088770033,node,-27.4673021,153.0199573,traffic_signals,,
13114383489,node,-27.4655706,153.0162909,traffic_signals,,signal
13114425704,node,-27.4655069,153.0172069,traffic_signals,,signal
13152032699,node,-27.4675307,153.0110078,crossing,unmarked,
13161625411,node,-27.4728655,153.0168052,,,
13161757694,node,-27.4709156,153.0166552,crossing,unmarked,
13161757697,node,-27.4709591,153.0166752,crossing,unmarked,
13354510148,node,-27.4642572,153.0208185,crossing,unmarked,
13376875333,node,-27.4585477,153.0143078,traffic_signals,,signal
13382695048,node,-27.4713471,153.0047025,traffic_signals,,signal
13382695049,node,-27.4711921,153.004758,traffic_signals,,signal
13382695050,node,-27.4714291,153.0048589,traffic_signals,,signal
13384475096,node,-27.4636075,152.99937,traffic_signals,,signal
13384475097,node,-27.46354,152.9995188,traffic_signals,,signal
13384475098,node,-27.4636907,152.9995422,traffic_signals,,signal
13403450196,node,-27.4756302,153.0093243,traffic_signals,,signal
13403450197,node,-27.4756016,153.0095174,traffic_signals,,signal
